{"metadata":{"asset_id":"bc731c89-72ba-4307-b7ae-9227532616a1","asset_attributes":["data_asset"],"name":"dataset_desafio_2.csv","asset_type":"data_asset","created_at":"2020-08-28T10:50:34Z","description":"","origin_country":"us","owner_id":"IBMid-550008FY41","project_id":"530de969-dae0-48cc-8ffe-ec487f555eb3","size":1520235,"tags":[],"usage":{"last_update_time":1598611835235,"last_updated_at":"2020-08-28T10:50:35Z"}},"entity":{"data_asset":{"mime_type":"text/csv","dataset":false}},"attachments":[{"id":"91f810a7-675a-4dba-9b25-93a7d3f158f9","version":2,"asset_type":"data_asset","name":"dataset_desafio_2.csv","mime":"text/csv","datasource_type":"193a97c1-4475-4a19-b90c-295c4fdc6517","object_key":"dataset_desafio_2.csv","creator_id":"iam-ServiceId-f49c5558-c247-4983-a04f-7d3c7a3d55da","create_time":1598611835115,"size":1520235,"is_remote":false,"is_managed":false,"is_referenced":true,"is_object_key_read_only":false,"is_user_provided_path_key":true,"transfer_complete":true,"is_partitioned":false,"complete_time_ticks":1598611835115,"user_data":{},"test_doc":0,"handle":{"bucket":"uninassau-donotdelete-pr-mg6sligwk73gi9","location":"us-geo","key":"dataset_desafio_2.csv","upload_id":"done","max_part_num":1},"usage":{"access_count":0,"last_accessor_id":"iam-ServiceId-f49c5558-c247-4983-a04f-7d3c7a3d55da","last_access_time":1598611835115}}]}
