{"metadata":{"asset_id":"fbf70c59-207e-4d78-b6fb-f345281d7476","asset_attributes":["notebook"],"name":"parte-2","asset_type":"notebook","created_at":"2020-08-28T10:50:35Z","description":"","origin_country":"us","owner_id":"IBMid-550008FY41","project_id":"530de969-dae0-48cc-8ffe-ec487f555eb3","size":26352,"tags":["notebook"],"usage":{"last_update_time":1598636183931,"last_updated_at":"2020-08-28T17:36:23Z"}},"entity":{"notebook":{"kernel":{"name":"python3","display_name":"Python 3.6","language":"python"},"originates_from":{"type":"file"},"runtime":{"environment":"conda2py36-530de969-dae0-48cc-8ffe-ec487f555eb3"}}},"attachments":[{"id":"5cb25a0a-39d8-40c8-ab5c-9c689f2b60ca","version":2,"asset_type":"notebook","name":"attachment for notebook fbf70c59-207e-4d78-b6fb-f345281d7476","description":"attachment for notebook fbf70c59-207e-4d78-b6fb-f345281d7476","mime":"application/json","datasource_type":"193a97c1-4475-4a19-b90c-295c4fdc6517","object_key":"notebook/parte-2_XvWXXx6YQ.ipynb","creator_id":"iam-ServiceId-9e68bc5f-c5f6-4f6f-8bcf-e57f47b9d1b1","create_time":1598611836657,"size":26352,"is_remote":false,"is_managed":false,"is_referenced":true,"is_object_key_read_only":false,"is_user_provided_path_key":true,"transfer_complete":true,"is_partitioned":false,"complete_time_ticks":1598611836657,"user_data":{},"test_doc":0,"handle":{"bucket":"uninassau-donotdelete-pr-mg6sligwk73gi9","location":"us-geo","key":"notebook/parte-2_XvWXXx6YQ.ipynb","upload_id":"done","max_part_num":1},"usage":{"access_count":0,"last_accessor_id":"iam-ServiceId-9e68bc5f-c5f6-4f6f-8bcf-e57f47b9d1b1","last_access_time":1598611836657}}]}
